<?xml version="1.0" encoding="UTF-8"?>
<menu>
	<tabitems>
		<item>
			<title>Manage Applications &amp; Modules</title>
			<subitems>
				<subitem>
					<subitemtitle>Manage Applications &amp; Modules</subitemtitle>
					<subitemlang>manage_apps_modules</subitemlang>
					<subsection>applications</subsection>
					<subitemurl>do=applications_overview</subitemurl>
					<subitemrolekey>app_manage</subitemrolekey>
					<subisredirect>0</subisredirect>
				</subitem>
			</subitems>
		</item>
		<item>
			<title>Manage Hooks</title>
			<subitems>
				<subitem>
					<subitemtitle>Manage Hooks</subitemtitle>
					<subitemlang>manage_hooks</subitemlang>
					<subsection>hooks</subsection>
					<subitemurl>do=hooks_overview</subitemurl>
					<subitemrolekey>hooks_manage</subitemrolekey>
					<subisredirect>0</subisredirect>
				</subitem>
			</subitems>
		</item>
		<item>
			<title>Community Enhancements</title>
			<subitems>
				<subitem>
					<subitemtitle>Community Enhancements</subitemtitle>
					<subitemlang>community_enhancements</subitemlang>
					<subsection>enhancements</subsection>
					<subitemurl></subitemurl>
					<subitemrolekey>enhancements_manage</subitemrolekey>
					<subisredirect>0</subisredirect>
				</subitem>
			</subitems>
		</item>
	</tabitems>
</menu>