<?xml version="1.0" encoding="UTF-8"?>
<permissions>
	<group>
		<grouptitle>Manage Applications</grouptitle>
		<grouplang>core_manage_apps</grouplang>
		<items>
			<item>
				<key>app_manage</key>
				<string>Can manage applications?</string>
			</item>
			<item>
				<key>app_delete</key>
				<string>Can delete applications?</string>
			</item>
			<item>
				<key>app_install</key>
				<string>Can install new applications?</string>
			</item>
			<item>
				<key>build_sphinx</key>
				<string>Can build sphinx.conf? WARNING: Exposes database login details</string>
			</item>
		</items>
	</group>
	<group>
		<grouptitle>Manage Modules</grouptitle>
		<grouplang>core_manage_modules</grouplang>
		<items>
			<item>
				<key>module_manage</key>
				<string>Can edit/add application modules?</string>
			</item>
			<item>
				<key>module_delete</key>
				<string>Can delete application modules?</string>
			</item>
		</items>
	</group>
	<group>
		<grouptitle>Purchase Applications</grouptitle>
		<grouplang>core_purchase_app</grouplang>
		<items>
			<item>
				<key>purchase_app</key>
				<string>Can view pages to purchase additional applications?</string>
			</item>
		</items>
	</group>
	<group>
		<grouptitle>Manage Hooks</grouptitle>
		<grouplang>core_manage_hooks</grouplang>
		<items>
			<item>
				<key>hooks_manage</key>
				<string>Can manage hooks?</string>
			</item>
			<item>
				<key>hooks_delete</key>
				<string>Can remove hooks?</string>
			</item>
		</items>
	</group>
	<group>
		<grouptitle>Community Enhancements</grouptitle>
		<grouplang>core_community_enhancements</grouplang>
		<items>
			<item>
				<key>enhancements_manage</key>
				<string>Can manage community enhancements?</string>
			</item>
		</items>
	</group>
</permissions>